pranum_pra,praspe_pra,specialite_label,secteur,nb_jours_actifs,nb_actes_total,actes_par_jour_moyen,actes_par_jour_max,ecart_type_actes_jour,part_actes_weekend_pct,zscore_actes_jour,nb_beneficiaires_uniques,actes_par_beneficiaire,nb_actes_post_mortem,nb_beneficiaires_fictifs,part_patients_ald_pct,montant_moyen_acte,montant_total_facture,taux_depassement_pct,evolution_montant_pct,zscore_depassement,nb_actes_distincts,nb_actes_incompatibles,part_incompatibles_pct,nb_pharmacies_distinctes,concentration_pharmacie_pct,score_anomalie,anomalie_predite,score_brut,PRANUM_PRA,ANOMALIE_ANY,S1_SURACTIVITE,S2_ACTE_FANTOME,S3_INCOHERENCE_SPECIALITE,S4_ANOMALIE_TARIFAIRE,S5_RESEAU_ATYPIQUE,SEVERITY
PRA000423,24,Infirmier,1,365,9966,27.3,72,14.94,12.08,4.26,1600,6.23,132,0,10.72,9.83,97926.55,0.0,-6.9,0.0,6,1548,15.53,0,0.0,1.0,1,-0.7374216568319185,PRA000423,1,0,0,1,0,0,MEDIUM
PRA000194,5,Dermatologue,3,358,4454,12.44,30,6.13,11.34,2.7,825,5.4,22,0,15.27,109.71,488627.95,258.87,-12.82,1.93,4,672,15.09,14,35.17,0.8711589996666429,1,-0.689678423462529,PRA000194,1,0,0,1,1,0,HIGH
PRA000427,24,Infirmier,1,365,9033,24.75,59,13.31,11.61,1.59,1157,7.81,45,0,19.42,8.7,78581.5,0.0,-8.37,0.0,6,1041,11.52,0,0.0,0.8293706442840966,1,-0.6741933589412211,PRA000427,1,0,0,1,0,0,MEDIUM
PRA000336,19,Dentiste,3,354,3776,10.67,25,5.52,11.02,3.13,719,5.25,55,0,14.91,78.9,297912.4,33.09,-7.4,-0.3,6,558,14.78,0,0.0,0.8031005542318849,1,-0.664458732255985,PRA000336,1,0,0,1,0,0,MEDIUM
PRA000529,26,Kine,1,362,6311,17.43,38,9.05,12.19,1.89,1144,5.52,57,0,15.39,38.3,241734.85,0.0,-14.1,-0.17,5,1011,16.02,0,0.0,0.8017580274814644,1,-0.6639612464573329,PRA000529,1,0,0,1,0,0,MEDIUM
PRA000457,24,Infirmier,1,364,9128,25.08,57,14.15,11.02,1.94,1113,8.2,52,0,15.9,8.55,78023.85,0.0,-8.45,0.0,6,994,10.89,0,0.0,0.7839694325224176,1,-0.6573695168196716,PRA000457,1,0,0,1,0,0,MEDIUM
PRA000153,3,Cardiologue,3,356,4462,12.53,32,6.62,11.39,0.17,750,5.95,28,0,12.68,67.28,300197.3,32.63,-11.13,-0.26,5,596,13.36,11,33.84,0.7311477308917355,1,-0.6377959430240869,PRA000153,1,0,0,1,0,0,MEDIUM
PRA000425,24,Infirmier,1,352,9709,27.58,98,16.86,9.02,4.56,209,46.45,89,0,20.13,5.58,54214.65,0.0,19.6,0.0,3,0,0.0,0,0.0,0.7297397657561782,1,-0.6372742084219886,PRA000425,1,1,0,0,0,0,HIGH
PRA000485,24,Infirmier,1,347,9601,27.67,98,16.65,8.58,4.65,202,47.53,71,0,19.95,5.58,53530.05,0.0,14.72,0.0,3,0,0.0,0,0.0,0.7268643445373653,1,-0.6362086942927139,PRA000485,1,1,0,0,0,0,HIGH
