PRANUM_PRA,S1_SURACTIVITE,S2_ACTE_FANTOME,S3_INCOHERENCE_SPECIALITE,S4_ANOMALIE_TARIFAIRE,S5_RESEAU_ATYPIQUE,ANOMALIE_ANY,nb_scenarios,scenario_principal,SEVERITY,PRASPE_PRA,specialite_label
PRA000001,0,0,0,0,1,1,1,S5,MEDIUM,01,MG
PRA000002,0,0,0,0,0,0,0,NORMAL,NONE,01,MG
PRA000003,0,0,0,0,0,0,0,NORMAL,NONE,01,MG
PRA000004,0,0,0,0,0,0,0,NORMAL,NONE,01,MG
PRA000005,0,0,0,0,0,0,0,NORMAL,NONE,01,MG
PRA000006,0,0,0,0,0,0,0,NORMAL,NONE,01,MG
PRA000007,0,0,0,0,0,0,0,NORMAL,NONE,01,MG
PRA000008,0,0,0,0,0,0,0,NORMAL,NONE,01,MG
PRA000009,0,0,0,0,0,0,0,NORMAL,NONE,01,MG
PRA000010,0,0,0,0,0,0,0,NORMAL,NONE,01,MG
PRA000011,0,0,0,0,0,0,0,NORMAL,NONE,01,MG
PRA000012,0,0,0,0,0,0,0,NORMAL,NONE,01,MG
PRA000013,0,0,0,0,0,0,0,NORMAL,NONE,01,MG
PRA000014,0,0,0,0,1,1,1,S5,MEDIUM,01,MG
PRA000015,0,0,0,0,0,0,0,NORMAL,NONE,01,MG
PRA000016,0,0,0,0,0,0,0,NORMAL,NONE,01,MG
PRA000017,0,0,0,0,0,0,0,NORMAL,NONE,01,MG
PRA000018,0,0,0,1,0,1,1,S4,HIGH,01,MG
PRA000019,0,0,0,0,0,0,0,NORMAL,NONE,01,MG
PRA000020,0,0,0,0,0,0,0,NORMAL,NONE,01,MG
PRA000021,0,0,0,0,0,0,0,NORMAL,NONE,01,MG
PRA000022,0,0,0,0,0,0,0,NORMAL,NONE,01,MG
PRA000023,0,0,0,0,0,0,0,NORMAL,NONE,01,MG
PRA000024,0,0,0,0,0,0,0,NORMAL,NONE,01,MG
PRA000025,0,0,0,0,0,0,0,NORMAL,NONE,01,MG
PRA000026,0,1,0,0,0,1,1,S2,HIGH,01,MG
PRA000027,0,0,0,0,0,0,0,NORMAL,NONE,01,MG
PRA000028,0,0,0,0,0,0,0,NORMAL,NONE,01,MG
PRA000029,0,0,0,0,0,0,0,NORMAL,NONE,01,MG
PRA000030,1,0,0,0,0,1,1,S1,HIGH,01,MG
PRA000031,0,0,0,0,0,0,0,NORMAL,NONE,01,MG
PRA000032,0,0,0,0,0,0,0,NORMAL,NONE,01,MG
PRA000033,0,0,0,0,0,0,0,NORMAL,NONE,01,MG
PRA000034,0,0,0,0,0,0,0,NORMAL,NONE,01,MG
PRA000035,0,0,0,0,0,0,0,NORMAL,NONE,01,MG
PRA000036,0,0,0,0,0,0,0,NORMAL,NONE,01,MG
PRA000037,0,0,0,0,0,0,0,NORMAL,NONE,01,MG
PRA000038,0,0,0,0,0,0,0,NORMAL,NONE,01,MG
PRA000039,0,0,0,0,0,0,0,NORMAL,NONE,01,MG
PRA000040,0,0,0,0,0,0,0,NORMAL,NONE,01,MG
PRA000041,0,0,0,0,1,1,1,S5,MEDIUM,01,MG
PRA000042,0,0,0,0,0,0,0,NORMAL,NONE,01,MG
PRA000043,0,0,0,0,0,0,0,NORMAL,NONE,01,MG
PRA000044,0,0,0,0,0,0,0,NORMAL,NONE,01,MG
PRA000045,0,0,0,0,0,0,0,NORMAL,NONE,01,MG
PRA000046,0,0,0,0,0,0,0,NORMAL,NONE,01,MG
PRA000047,0,0,0,0,0,0,0,NORMAL,NONE,01,MG
PRA000048,0,0,0,0,0,0,0,NORMAL,NONE,01,MG
PRA000049,0,0,0,0,0,0,0,NORMAL,NONE,01,MG
PRA000050,0,0,0,0,0,0,0,NORMAL,NONE,01,MG
PRA000051,0,0,0,0,0,0,0,NORMAL,NONE,01,MG
PRA000052,0,0,0,0,0,0,0,NORMAL,NONE,01,MG
PRA000053,0,0,0,0,0,0,0,NORMAL,NONE,01,MG
PRA000054,0,0,0,0,0,0,0,NORMAL,NONE,01,MG
PRA000055,0,0,0,0,0,0,0,NORMAL,NONE,01,MG
PRA000056,0,0,0,0,0,0,0,NORMAL,NONE,01,MG
PRA000057,0,0,0,0,0,0,0,NORMAL,NONE,01,MG
PRA000058,0,0,0,0,0,0,0,NORMAL,NONE,01,MG
PRA000059,0,0,0,1,0,1,1,S4,HIGH,01,MG
PRA000060,0,0,0,0,1,1,1,S5,MEDIUM,01,MG
PRA000061,0,0,0,0,0,0,0,NORMAL,NONE,01,MG
PRA000062,0,0,0,0,1,1,1,S5,MEDIUM,01,MG
PRA000063,0,0,0,0,0,0,0,NORMAL,NONE,01,MG
PRA000064,0,0,0,0,0,0,0,NORMAL,NONE,01,MG
PRA000065,0,0,0,0,0,0,0,NORMAL,NONE,01,MG
PRA000066,0,0,0,0,0,0,0,NORMAL,NONE,01,MG
PRA000067,0,0,0,0,0,0,0,NORMAL,NONE,01,MG
PRA000068,0,0,0,0,0,0,0,NORMAL,NONE,01,MG
PRA000069,0,0,0,0,0,0,0,NORMAL,NONE,01,MG
PRA000070,0,0,0,0,0,0,0,NORMAL,NONE,01,MG
PRA000071,0,0,0,0,1,1,1,S5,MEDIUM,01,MG
PRA000072,0,0,0,0,0,0,0,NORMAL,NONE,01,MG
PRA000073,0,0,0,0,0,0,0,NORMAL,NONE,01,MG
PRA000074,0,0,0,0,0,0,0,NORMAL,NONE,01,MG
PRA000075,0,0,0,0,0,0,0,NORMAL,NONE,01,MG
PRA000076,0,0,0,0,0,0,0,NORMAL,NONE,01,MG
PRA000077,0,0,0,0,0,0,0,NORMAL,NONE,01,MG
PRA000078,0,0,0,0,0,0,0,NORMAL,NONE,01,MG
PRA000079,0,0,0,0,0,0,0,NORMAL,NONE,01,MG
PRA000080,0,1,0,0,0,1,1,S2,HIGH,01,MG
PRA000081,0,0,0,0,0,0,0,NORMAL,NONE,01,MG
PRA000082,0,0,0,0,0,0,0,NORMAL,NONE,01,MG
PRA000083,0,0,0,0,0,0,0,NORMAL,NONE,01,MG
PRA000084,0,0,0,0,0,0,0,NORMAL,NONE,01,MG
PRA000085,1,0,0,0,0,1,1,S1,HIGH,01,MG
PRA000086,1,0,0,0,0,1,1,S1,HIGH,01,MG
PRA000087,0,0,0,0,0,0,0,NORMAL,NONE,01,MG
PRA000088,0,0,0,0,1,1,1,S5,MEDIUM,01,MG
PRA000089,0,0,0,0,0,0,0,NORMAL,NONE,01,MG
PRA000090,0,0,0,0,0,0,0,NORMAL,NONE,01,MG
PRA000091,0,0,0,1,0,1,1,S4,HIGH,01,MG
PRA000092,0,0,0,0,0,0,0,NORMAL,NONE,01,MG
PRA000093,0,0,0,0,0,0,0,NORMAL,NONE,01,MG
PRA000094,0,0,0,0,1,1,1,S5,MEDIUM,01,MG
PRA000095,0,0,0,0,0,0,0,NORMAL,NONE,01,MG
PRA000096,0,0,0,0,0,0,0,NORMAL,NONE,01,MG
PRA000097,0,0,0,0,0,0,0,NORMAL,NONE,01,MG
PRA000098,0,1,0,0,0,1,1,S2,HIGH,01,MG
PRA000099,0,0,0,0,0,0,0,NORMAL,NONE,01,MG
PRA000100,0,0,0,0,0,0,0,NORMAL,NONE,01,MG
PRA000101,0,0,0,0,0,0,0,NORMAL,NONE,01,MG
PRA000102,0,0,0,0,0,0,0,NORMAL,NONE,01,MG
PRA000103,1,0,0,0,0,1,1,S1,HIGH,01,MG
PRA000104,0,0,0,0,0,0,0,NORMAL,NONE,01,MG
PRA000105,0,0,0,0,0,0,0,NORMAL,NONE,01,MG
PRA000106,0,0,0,0,0,0,0,NORMAL,NONE,01,MG
PRA000107,0,0,0,0,0,0,0,NORMAL,NONE,01,MG
PRA000108,0,0,0,0,0,0,0,NORMAL,NONE,01,MG
PRA000109,0,0,0,0,0,0,0,NORMAL,NONE,01,MG
PRA000110,0,0,0,0,0,0,0,NORMAL,NONE,01,MG
PRA000111,0,0,0,0,0,0,0,NORMAL,NONE,01,MG
PRA000112,0,0,0,0,0,0,0,NORMAL,NONE,01,MG
PRA000113,0,0,0,0,0,0,0,NORMAL,NONE,01,MG
PRA000114,0,0,0,0,0,0,0,NORMAL,NONE,01,MG
PRA000115,0,0,0,0,0,0,0,NORMAL,NONE,01,MG
PRA000116,0,0,0,0,0,0,0,NORMAL,NONE,01,MG
PRA000117,0,0,0,0,0,0,0,NORMAL,NONE,01,MG
PRA000118,0,0,0,0,0,0,0,NORMAL,NONE,01,MG
PRA000119,1,0,0,0,0,1,1,S1,HIGH,01,MG
PRA000120,0,0,0,0,0,0,0,NORMAL,NONE,01,MG
PRA000121,0,0,0,0,0,0,0,NORMAL,NONE,01,MG
PRA000122,1,0,0,0,0,1,1,S1,HIGH,01,MG
PRA000123,0,0,0,0,0,0,0,NORMAL,NONE,01,MG
PRA000124,0,0,0,0,0,0,0,NORMAL,NONE,01,MG
PRA000125,0,0,0,0,0,0,0,NORMAL,NONE,01,MG
PRA000126,0,0,0,0,0,0,0,NORMAL,NONE,01,MG
PRA000127,0,0,0,0,0,0,0,NORMAL,NONE,01,MG
PRA000128,0,0,0,0,0,0,0,NORMAL,NONE,01,MG
PRA000129,0,0,0,0,1,1,1,S5,MEDIUM,01,MG
PRA000130,0,0,0,0,0,0,0,NORMAL,NONE,01,MG
PRA000131,0,0,0,0,0,0,0,NORMAL,NONE,01,MG
PRA000132,0,0,0,0,0,0,0,NORMAL,NONE,01,MG
PRA000133,0,0,0,0,1,1,1,S5,MEDIUM,01,MG
PRA000134,0,0,0,0,0,0,0,NORMAL,NONE,01,MG
PRA000135,0,0,0,0,0,0,0,NORMAL,NONE,01,MG
PRA000136,0,0,0,0,0,0,0,NORMAL,NONE,01,MG
PRA000137,0,0,0,0,0,0,0,NORMAL,NONE,01,MG
PRA000138,0,0,0,0,1,1,1,S5,MEDIUM,01,MG
PRA000139,0,0,0,0,0,0,0,NORMAL,NONE,01,MG
PRA000140,0,0,0,0,0,0,0,NORMAL,NONE,01,MG
PRA000141,0,0,0,0,0,0,0,NORMAL,NONE,01,MG
PRA000142,0,0,0,0,0,0,0,NORMAL,NONE,01,MG
PRA000143,0,0,0,0,0,0,0,NORMAL,NONE,01,MG
PRA000144,0,0,0,0,0,0,0,NORMAL,NONE,01,MG
PRA000145,0,0,0,0,0,0,0,NORMAL,NONE,01,MG
PRA000146,0,0,0,0,0,0,0,NORMAL,NONE,01,MG
PRA000147,0,0,0,0,0,0,0,NORMAL,NONE,01,MG
PRA000148,0,0,0,0,0,0,0,NORMAL,NONE,01,MG
PRA000149,0,0,0,0,1,1,1,S5,MEDIUM,01,MG
PRA000150,0,1,0,0,1,1,2,S2+S5,HIGH,01,MG
PRA000151,0,0,0,0,0,0,0,NORMAL,NONE,03,Cardiologue
PRA000152,0,0,0,0,0,0,0,NORMAL,NONE,03,Cardiologue
PRA000153,0,0,1,0,0,1,1,S3,MEDIUM,03,Cardiologue
PRA000154,0,0,0,0,0,0,0,NORMAL,NONE,03,Cardiologue
PRA000155,0,0,0,0,0,0,0,NORMAL,NONE,03,Cardiologue
PRA000156,0,0,0,0,0,0,0,NORMAL,NONE,03,Cardiologue
PRA000157,0,0,0,1,0,1,1,S4,HIGH,03,Cardiologue
PRA000158,0,0,0,0,0,0,0,NORMAL,NONE,03,Cardiologue
PRA000159,0,1,0,0,0,1,1,S2,HIGH,03,Cardiologue
PRA000160,0,0,0,0,0,0,0,NORMAL,NONE,03,Cardiologue
PRA000161,0,0,1,0,0,1,1,S3,MEDIUM,03,Cardiologue
PRA000162,0,0,0,0,0,0,0,NORMAL,NONE,03,Cardiologue
PRA000163,1,0,0,0,0,1,1,S1,HIGH,03,Cardiologue
PRA000164,0,0,0,0,0,0,0,NORMAL,NONE,03,Cardiologue
PRA000165,0,0,0,0,0,0,0,NORMAL,NONE,03,Cardiologue
PRA000166,0,0,0,0,0,0,0,NORMAL,NONE,03,Cardiologue
PRA000167,0,0,0,0,0,0,0,NORMAL,NONE,03,Cardiologue
PRA000168,0,0,0,0,0,0,0,NORMAL,NONE,03,Cardiologue
PRA000169,0,0,0,0,0,0,0,NORMAL,NONE,03,Cardiologue
PRA000170,0,0,0,0,0,0,0,NORMAL,NONE,03,Cardiologue
PRA000171,0,0,1,0,0,1,1,S3,MEDIUM,03,Cardiologue
PRA000172,0,0,0,0,0,0,0,NORMAL,NONE,03,Cardiologue
PRA000173,0,0,0,0,0,0,0,NORMAL,NONE,03,Cardiologue
PRA000174,0,0,0,0,0,0,0,NORMAL,NONE,03,Cardiologue
PRA000175,0,0,0,0,0,0,0,NORMAL,NONE,03,Cardiologue
PRA000176,0,0,0,0,0,0,0,NORMAL,NONE,03,Cardiologue
PRA000177,0,0,0,0,0,0,0,NORMAL,NONE,03,Cardiologue
PRA000178,0,0,0,0,0,0,0,NORMAL,NONE,03,Cardiologue
PRA000179,0,0,0,0,0,0,0,NORMAL,NONE,03,Cardiologue
PRA000180,0,0,0,0,0,0,0,NORMAL,NONE,03,Cardiologue
PRA000181,0,0,0,0,0,0,0,NORMAL,NONE,05,Dermatologue
PRA000182,0,1,0,0,0,1,1,S2,HIGH,05,Dermatologue
PRA000183,0,0,0,1,0,1,1,S4,HIGH,05,Dermatologue
PRA000184,0,0,0,0,0,0,0,NORMAL,NONE,05,Dermatologue
PRA000185,0,0,0,0,0,0,0,NORMAL,NONE,05,Dermatologue
PRA000186,0,0,0,0,0,0,0,NORMAL,NONE,05,Dermatologue
PRA000187,0,0,0,0,0,0,0,NORMAL,NONE,05,Dermatologue
PRA000188,0,0,0,0,0,0,0,NORMAL,NONE,05,Dermatologue
PRA000189,0,0,0,0,0,0,0,NORMAL,NONE,05,Dermatologue
PRA000190,0,0,0,0,0,0,0,NORMAL,NONE,05,Dermatologue
PRA000191,0,0,0,0,0,0,0,NORMAL,NONE,05,Dermatologue
PRA000192,0,0,0,0,0,0,0,NORMAL,NONE,05,Dermatologue
PRA000193,0,0,0,0,0,0,0,NORMAL,NONE,05,Dermatologue
PRA000194,0,0,1,1,0,1,2,S3+S4,HIGH,05,Dermatologue
PRA000195,0,0,0,0,0,0,0,NORMAL,NONE,05,Dermatologue
PRA000196,0,0,0,0,0,0,0,NORMAL,NONE,05,Dermatologue
PRA000197,0,0,0,0,0,0,0,NORMAL,NONE,05,Dermatologue
PRA000198,0,0,0,0,0,0,0,NORMAL,NONE,05,Dermatologue
PRA000199,0,0,0,0,0,0,0,NORMAL,NONE,05,Dermatologue
PRA000200,1,0,0,0,0,1,1,S1,HIGH,05,Dermatologue
PRA000201,0,0,0,1,0,1,1,S4,HIGH,05,Dermatologue
PRA000202,0,0,0,0,0,0,0,NORMAL,NONE,05,Dermatologue
PRA000203,0,0,0,0,0,0,0,NORMAL,NONE,05,Dermatologue
PRA000204,0,0,0,0,0,0,0,NORMAL,NONE,05,Dermatologue
PRA000205,0,0,0,0,0,0,0,NORMAL,NONE,05,Dermatologue
PRA000206,0,0,0,0,0,0,0,NORMAL,NONE,15,Ophtalmo
PRA000207,0,0,0,0,0,0,0,NORMAL,NONE,15,Ophtalmo
PRA000208,0,0,0,0,0,0,0,NORMAL,NONE,15,Ophtalmo
PRA000209,0,0,0,0,0,0,0,NORMAL,NONE,15,Ophtalmo
PRA000210,0,0,0,0,0,0,0,NORMAL,NONE,15,Ophtalmo
PRA000211,0,0,0,0,0,0,0,NORMAL,NONE,15,Ophtalmo
PRA000212,0,0,0,0,0,0,0,NORMAL,NONE,15,Ophtalmo
PRA000213,0,1,0,0,0,1,1,S2,HIGH,15,Ophtalmo
PRA000214,0,0,0,0,0,0,0,NORMAL,NONE,15,Ophtalmo
PRA000215,0,0,0,0,0,0,0,NORMAL,NONE,15,Ophtalmo
PRA000216,0,0,0,0,0,0,0,NORMAL,NONE,15,Ophtalmo
PRA000217,0,0,0,0,0,0,0,NORMAL,NONE,15,Ophtalmo
PRA000218,0,0,0,0,0,0,0,NORMAL,NONE,15,Ophtalmo
PRA000219,0,0,0,0,0,0,0,NORMAL,NONE,15,Ophtalmo
PRA000220,0,0,0,0,0,0,0,NORMAL,NONE,15,Ophtalmo
PRA000221,0,0,0,1,0,1,1,S4,HIGH,15,Ophtalmo
PRA000222,0,0,0,0,0,0,0,NORMAL,NONE,15,Ophtalmo
PRA000223,0,0,0,0,0,0,0,NORMAL,NONE,15,Ophtalmo
PRA000224,0,0,0,0,0,0,0,NORMAL,NONE,15,Ophtalmo
PRA000225,0,0,0,0,0,0,0,NORMAL,NONE,15,Ophtalmo
PRA000226,0,0,0,0,0,0,0,NORMAL,NONE,07,Specialistes
PRA000227,0,0,0,0,0,0,0,NORMAL,NONE,07,Specialistes
PRA000228,0,0,0,0,0,0,0,NORMAL,NONE,07,Specialistes
PRA000229,0,0,0,0,0,0,0,NORMAL,NONE,07,Specialistes
PRA000230,0,0,0,0,0,0,0,NORMAL,NONE,07,Specialistes
PRA000231,0,0,0,0,0,0,0,NORMAL,NONE,07,Specialistes
PRA000232,0,0,0,0,0,0,0,NORMAL,NONE,07,Specialistes
PRA000233,0,0,0,0,0,0,0,NORMAL,NONE,07,Specialistes
PRA000234,0,0,0,0,0,0,0,NORMAL,NONE,07,Specialistes
PRA000235,0,0,0,0,0,0,0,NORMAL,NONE,07,Specialistes
PRA000236,0,0,0,0,0,0,0,NORMAL,NONE,07,Specialistes
PRA000237,0,0,0,0,0,0,0,NORMAL,NONE,07,Specialistes
PRA000238,0,0,0,0,0,0,0,NORMAL,NONE,07,Specialistes
PRA000239,0,0,0,0,0,0,0,NORMAL,NONE,07,Specialistes
PRA000240,0,0,0,0,0,0,0,NORMAL,NONE,07,Specialistes
PRA000241,0,0,0,0,0,0,0,NORMAL,NONE,07,Specialistes
PRA000242,0,0,0,0,0,0,0,NORMAL,NONE,07,Specialistes
PRA000243,0,0,0,0,0,0,0,NORMAL,NONE,07,Specialistes
PRA000244,0,0,0,0,0,0,0,NORMAL,NONE,07,Specialistes
PRA000245,0,0,0,0,0,0,0,NORMAL,NONE,07,Specialistes
PRA000246,0,0,0,0,0,0,0,NORMAL,NONE,07,Specialistes
PRA000247,0,0,0,0,0,0,0,NORMAL,NONE,07,Specialistes
PRA000248,0,0,0,0,0,0,0,NORMAL,NONE,07,Specialistes
PRA000249,0,0,0,0,0,0,0,NORMAL,NONE,07,Specialistes
PRA000250,0,0,0,0,0,0,0,NORMAL,NONE,07,Specialistes
PRA000251,0,0,0,0,0,0,0,NORMAL,NONE,07,Specialistes
PRA000252,0,0,0,0,0,0,0,NORMAL,NONE,07,Specialistes
PRA000253,0,0,0,0,0,0,0,NORMAL,NONE,07,Specialistes
PRA000254,0,0,0,0,0,0,0,NORMAL,NONE,07,Specialistes
PRA000255,0,0,0,0,0,0,0,NORMAL,NONE,07,Specialistes
PRA000256,0,0,0,0,0,0,0,NORMAL,NONE,07,Specialistes
PRA000257,0,0,0,0,0,0,0,NORMAL,NONE,07,Specialistes
PRA000258,0,0,0,0,0,0,0,NORMAL,NONE,07,Specialistes
PRA000259,0,0,0,0,0,0,0,NORMAL,NONE,07,Specialistes
PRA000260,0,0,0,0,0,0,0,NORMAL,NONE,07,Specialistes
PRA000261,0,0,0,0,0,0,0,NORMAL,NONE,07,Specialistes
PRA000262,0,0,0,0,0,0,0,NORMAL,NONE,07,Specialistes
PRA000263,0,0,0,0,0,0,0,NORMAL,NONE,07,Specialistes
PRA000264,0,0,0,0,0,0,0,NORMAL,NONE,07,Specialistes
PRA000265,0,0,0,0,0,0,0,NORMAL,NONE,07,Specialistes
PRA000266,0,0,0,0,0,0,0,NORMAL,NONE,07,Specialistes
PRA000267,0,0,0,0,0,0,0,NORMAL,NONE,07,Specialistes
PRA000268,0,0,0,0,0,0,0,NORMAL,NONE,07,Specialistes
PRA000269,0,0,0,0,0,0,0,NORMAL,NONE,07,Specialistes
PRA000270,0,0,0,0,0,0,0,NORMAL,NONE,07,Specialistes
PRA000271,0,0,0,0,0,0,0,NORMAL,NONE,07,Specialistes
PRA000272,0,0,0,0,0,0,0,NORMAL,NONE,07,Specialistes
PRA000273,0,0,0,0,0,0,0,NORMAL,NONE,07,Specialistes
PRA000274,0,0,0,0,0,0,0,NORMAL,NONE,07,Specialistes
PRA000275,0,0,0,0,0,0,0,NORMAL,NONE,07,Specialistes
PRA000276,0,0,0,0,0,0,0,NORMAL,NONE,07,Specialistes
PRA000277,0,0,0,0,0,0,0,NORMAL,NONE,07,Specialistes
PRA000278,0,0,0,0,0,0,0,NORMAL,NONE,07,Specialistes
PRA000279,0,0,0,0,0,0,0,NORMAL,NONE,07,Specialistes
PRA000280,0,0,0,0,0,0,0,NORMAL,NONE,07,Specialistes
PRA000281,0,0,0,0,0,0,0,NORMAL,NONE,07,Specialistes
PRA000282,0,0,0,0,0,0,0,NORMAL,NONE,07,Specialistes
PRA000283,0,0,0,0,0,0,0,NORMAL,NONE,07,Specialistes
PRA000284,0,0,0,0,0,0,0,NORMAL,NONE,07,Specialistes
PRA000285,0,0,0,0,0,0,0,NORMAL,NONE,07,Specialistes
PRA000286,0,0,0,0,0,0,0,NORMAL,NONE,07,Specialistes
PRA000287,0,0,0,0,0,0,0,NORMAL,NONE,07,Specialistes
PRA000288,0,0,0,0,0,0,0,NORMAL,NONE,07,Specialistes
PRA000289,0,0,0,0,0,0,0,NORMAL,NONE,07,Specialistes
PRA000290,0,0,0,0,0,0,0,NORMAL,NONE,07,Specialistes
PRA000291,0,0,0,0,0,0,0,NORMAL,NONE,07,Specialistes
PRA000292,0,0,0,0,0,0,0,NORMAL,NONE,07,Specialistes
PRA000293,0,0,0,0,0,0,0,NORMAL,NONE,07,Specialistes
PRA000294,0,0,0,0,0,0,0,NORMAL,NONE,07,Specialistes
PRA000295,0,0,0,0,0,0,0,NORMAL,NONE,07,Specialistes
PRA000296,0,0,0,0,0,0,0,NORMAL,NONE,07,Specialistes
PRA000297,0,0,0,0,0,0,0,NORMAL,NONE,07,Specialistes
PRA000298,0,0,0,0,0,0,0,NORMAL,NONE,07,Specialistes
PRA000299,0,0,0,0,0,0,0,NORMAL,NONE,07,Specialistes
PRA000300,0,0,0,0,0,0,0,NORMAL,NONE,07,Specialistes
PRA000301,0,0,0,0,0,0,0,NORMAL,NONE,19,Dentiste
PRA000302,0,0,0,0,0,0,0,NORMAL,NONE,19,Dentiste
PRA000303,0,0,0,0,0,0,0,NORMAL,NONE,19,Dentiste
PRA000304,0,0,0,0,0,0,0,NORMAL,NONE,19,Dentiste
PRA000305,0,0,0,0,0,0,0,NORMAL,NONE,19,Dentiste
PRA000306,0,0,0,0,0,0,0,NORMAL,NONE,19,Dentiste
PRA000307,0,0,0,0,0,0,0,NORMAL,NONE,19,Dentiste
PRA000308,0,0,0,0,0,0,0,NORMAL,NONE,19,Dentiste
PRA000309,0,0,0,1,0,1,1,S4,HIGH,19,Dentiste
PRA000310,0,0,0,0,0,0,0,NORMAL,NONE,19,Dentiste
PRA000311,0,0,0,0,0,0,0,NORMAL,NONE,19,Dentiste
PRA000312,0,0,0,0,0,0,0,NORMAL,NONE,19,Dentiste
PRA000313,0,0,0,0,0,0,0,NORMAL,NONE,19,Dentiste
PRA000314,0,0,0,1,0,1,1,S4,HIGH,19,Dentiste
PRA000315,0,0,0,0,0,0,0,NORMAL,NONE,19,Dentiste
PRA000316,0,0,0,0,0,0,0,NORMAL,NONE,19,Dentiste
PRA000317,0,0,0,0,0,0,0,NORMAL,NONE,19,Dentiste
PRA000318,0,0,0,0,0,0,0,NORMAL,NONE,19,Dentiste
PRA000319,0,0,0,0,0,0,0,NORMAL,NONE,19,Dentiste
PRA000320,0,0,0,0,0,0,0,NORMAL,NONE,19,Dentiste
PRA000321,0,0,0,0,0,0,0,NORMAL,NONE,19,Dentiste
PRA000322,0,0,0,0,0,0,0,NORMAL,NONE,19,Dentiste
PRA000323,0,0,0,0,0,0,0,NORMAL,NONE,19,Dentiste
PRA000324,0,0,0,0,0,0,0,NORMAL,NONE,19,Dentiste
PRA000325,0,0,0,0,0,0,0,NORMAL,NONE,19,Dentiste
PRA000326,0,0,0,0,0,0,0,NORMAL,NONE,19,Dentiste
PRA000327,0,0,0,0,0,0,0,NORMAL,NONE,19,Dentiste
PRA000328,0,0,0,0,0,0,0,NORMAL,NONE,19,Dentiste
PRA000329,0,0,0,0,0,0,0,NORMAL,NONE,19,Dentiste
PRA000330,0,0,0,0,0,0,0,NORMAL,NONE,19,Dentiste
PRA000331,0,0,0,0,0,0,0,NORMAL,NONE,19,Dentiste
PRA000332,0,0,0,0,0,0,0,NORMAL,NONE,19,Dentiste
PRA000333,0,0,0,0,0,0,0,NORMAL,NONE,19,Dentiste
PRA000334,0,0,0,0,0,0,0,NORMAL,NONE,19,Dentiste
PRA000335,0,0,0,0,0,0,0,NORMAL,NONE,19,Dentiste
PRA000336,0,0,1,0,0,1,1,S3,MEDIUM,19,Dentiste
PRA000337,0,0,0,0,0,0,0,NORMAL,NONE,19,Dentiste
PRA000338,0,0,0,0,0,0,0,NORMAL,NONE,19,Dentiste
PRA000339,0,0,0,0,0,0,0,NORMAL,NONE,19,Dentiste
PRA000340,0,0,0,0,0,0,0,NORMAL,NONE,19,Dentiste
PRA000341,0,0,0,0,0,0,0,NORMAL,NONE,19,Dentiste
PRA000342,0,0,0,0,0,0,0,NORMAL,NONE,19,Dentiste
PRA000343,0,0,0,0,0,0,0,NORMAL,NONE,19,Dentiste
PRA000344,0,0,0,0,0,0,0,NORMAL,NONE,19,Dentiste
PRA000345,0,0,0,0,0,0,0,NORMAL,NONE,19,Dentiste
PRA000346,0,0,0,0,0,0,0,NORMAL,NONE,19,Dentiste
PRA000347,0,0,0,0,0,0,0,NORMAL,NONE,19,Dentiste
PRA000348,0,0,0,0,0,0,0,NORMAL,NONE,19,Dentiste
PRA000349,0,0,1,0,0,1,1,S3,MEDIUM,19,Dentiste
PRA000350,0,1,0,0,0,1,1,S2,HIGH,19,Dentiste
PRA000351,0,0,0,0,0,0,0,NORMAL,NONE,19,Dentiste
PRA000352,0,0,0,0,0,0,0,NORMAL,NONE,19,Dentiste
PRA000353,0,0,0,0,0,0,0,NORMAL,NONE,19,Dentiste
PRA000354,0,0,0,1,0,1,1,S4,HIGH,19,Dentiste
PRA000355,0,0,0,0,0,0,0,NORMAL,NONE,19,Dentiste
PRA000356,0,0,0,0,0,0,0,NORMAL,NONE,19,Dentiste
PRA000357,0,0,1,0,0,1,1,S3,MEDIUM,19,Dentiste
PRA000358,0,0,0,0,0,0,0,NORMAL,NONE,19,Dentiste
PRA000359,0,0,0,0,0,0,0,NORMAL,NONE,19,Dentiste
PRA000360,0,0,0,0,0,0,0,NORMAL,NONE,19,Dentiste
PRA000361,0,0,0,0,0,0,0,NORMAL,NONE,19,Dentiste
PRA000362,0,0,0,0,0,0,0,NORMAL,NONE,19,Dentiste
PRA000363,0,0,0,0,0,0,0,NORMAL,NONE,19,Dentiste
PRA000364,0,0,0,0,0,0,0,NORMAL,NONE,19,Dentiste
PRA000365,0,0,0,0,0,0,0,NORMAL,NONE,19,Dentiste
PRA000366,0,0,0,0,0,0,0,NORMAL,NONE,19,Dentiste
PRA000367,0,0,0,0,0,0,0,NORMAL,NONE,19,Dentiste
PRA000368,0,0,0,0,0,0,0,NORMAL,NONE,19,Dentiste
PRA000369,0,0,0,0,0,0,0,NORMAL,NONE,19,Dentiste
PRA000370,0,0,0,0,0,0,0,NORMAL,NONE,19,Dentiste
PRA000371,0,0,0,0,0,0,0,NORMAL,NONE,19,Dentiste
PRA000372,0,0,0,1,0,1,1,S4,HIGH,19,Dentiste
PRA000373,0,0,0,0,0,0,0,NORMAL,NONE,19,Dentiste
PRA000374,0,0,0,0,0,0,0,NORMAL,NONE,19,Dentiste
PRA000375,0,0,0,0,0,0,0,NORMAL,NONE,19,Dentiste
PRA000376,0,0,0,0,0,0,0,NORMAL,NONE,19,Dentiste
PRA000377,0,0,0,0,0,0,0,NORMAL,NONE,19,Dentiste
PRA000378,0,0,0,0,0,0,0,NORMAL,NONE,19,Dentiste
PRA000379,0,0,0,0,0,0,0,NORMAL,NONE,19,Dentiste
PRA000380,0,0,0,0,0,0,0,NORMAL,NONE,19,Dentiste
PRA000381,0,0,0,0,0,0,0,NORMAL,NONE,24,Infirmier
PRA000382,0,0,0,0,0,0,0,NORMAL,NONE,24,Infirmier
PRA000383,0,0,0,0,0,0,0,NORMAL,NONE,24,Infirmier
PRA000384,0,0,0,0,0,0,0,NORMAL,NONE,24,Infirmier
PRA000385,0,0,0,0,0,0,0,NORMAL,NONE,24,Infirmier
PRA000386,0,0,0,0,0,0,0,NORMAL,NONE,24,Infirmier
PRA000387,0,0,0,0,0,0,0,NORMAL,NONE,24,Infirmier
PRA000388,0,0,0,0,0,0,0,NORMAL,NONE,24,Infirmier
PRA000389,0,0,0,0,0,0,0,NORMAL,NONE,24,Infirmier
PRA000390,0,0,0,0,0,0,0,NORMAL,NONE,24,Infirmier
PRA000391,0,0,0,0,0,0,0,NORMAL,NONE,24,Infirmier
PRA000392,0,0,0,0,0,0,0,NORMAL,NONE,24,Infirmier
PRA000393,0,0,0,0,0,0,0,NORMAL,NONE,24,Infirmier
PRA000394,0,0,0,0,0,0,0,NORMAL,NONE,24,Infirmier
PRA000395,0,0,0,0,0,0,0,NORMAL,NONE,24,Infirmier
PRA000396,0,0,0,0,0,0,0,NORMAL,NONE,24,Infirmier
PRA000397,0,0,0,0,0,0,0,NORMAL,NONE,24,Infirmier
PRA000398,0,0,0,0,0,0,0,NORMAL,NONE,24,Infirmier
PRA000399,0,0,0,0,0,0,0,NORMAL,NONE,24,Infirmier
PRA000400,0,0,0,0,0,0,0,NORMAL,NONE,24,Infirmier
PRA000401,0,0,0,0,0,0,0,NORMAL,NONE,24,Infirmier
PRA000402,0,1,0,0,0,1,1,S2,HIGH,24,Infirmier
PRA000403,0,0,0,0,0,0,0,NORMAL,NONE,24,Infirmier
PRA000404,0,0,0,0,0,0,0,NORMAL,NONE,24,Infirmier
PRA000405,1,0,0,0,0,1,1,S1,HIGH,24,Infirmier
PRA000406,0,0,0,0,0,0,0,NORMAL,NONE,24,Infirmier
PRA000407,0,0,0,0,0,0,0,NORMAL,NONE,24,Infirmier
PRA000408,0,0,0,0,0,0,0,NORMAL,NONE,24,Infirmier
PRA000409,0,0,0,0,0,0,0,NORMAL,NONE,24,Infirmier
PRA000410,0,0,0,0,0,0,0,NORMAL,NONE,24,Infirmier
PRA000411,0,0,0,0,0,0,0,NORMAL,NONE,24,Infirmier
PRA000412,0,0,0,0,0,0,0,NORMAL,NONE,24,Infirmier
PRA000413,0,0,0,0,0,0,0,NORMAL,NONE,24,Infirmier
PRA000414,0,0,0,0,0,0,0,NORMAL,NONE,24,Infirmier
PRA000415,0,0,0,0,0,0,0,NORMAL,NONE,24,Infirmier
PRA000416,0,0,0,0,0,0,0,NORMAL,NONE,24,Infirmier
PRA000417,0,0,0,0,0,0,0,NORMAL,NONE,24,Infirmier
PRA000418,0,0,0,0,0,0,0,NORMAL,NONE,24,Infirmier
PRA000419,0,0,0,0,0,0,0,NORMAL,NONE,24,Infirmier
PRA000420,0,0,0,0,0,0,0,NORMAL,NONE,24,Infirmier
PRA000421,0,0,0,0,0,0,0,NORMAL,NONE,24,Infirmier
PRA000422,0,0,0,0,0,0,0,NORMAL,NONE,24,Infirmier
PRA000423,0,0,1,0,0,1,1,S3,MEDIUM,24,Infirmier
PRA000424,0,0,0,0,0,0,0,NORMAL,NONE,24,Infirmier
PRA000425,1,0,0,0,0,1,1,S1,HIGH,24,Infirmier
PRA000426,0,0,0,0,0,0,0,NORMAL,NONE,24,Infirmier
PRA000427,0,0,1,0,0,1,1,S3,MEDIUM,24,Infirmier
PRA000428,0,0,0,0,0,0,0,NORMAL,NONE,24,Infirmier
PRA000429,0,0,0,0,0,0,0,NORMAL,NONE,24,Infirmier
PRA000430,0,0,0,0,0,0,0,NORMAL,NONE,24,Infirmier
PRA000431,0,0,0,0,0,0,0,NORMAL,NONE,24,Infirmier
PRA000432,0,0,0,0,0,0,0,NORMAL,NONE,24,Infirmier
PRA000433,0,0,0,0,0,0,0,NORMAL,NONE,24,Infirmier
PRA000434,0,0,0,0,0,0,0,NORMAL,NONE,24,Infirmier
PRA000435,0,0,0,0,0,0,0,NORMAL,NONE,24,Infirmier
PRA000436,0,0,0,0,0,0,0,NORMAL,NONE,24,Infirmier
PRA000437,0,0,0,0,0,0,0,NORMAL,NONE,24,Infirmier
PRA000438,0,0,0,0,0,0,0,NORMAL,NONE,24,Infirmier
PRA000439,0,0,0,0,0,0,0,NORMAL,NONE,24,Infirmier
PRA000440,0,0,0,0,0,0,0,NORMAL,NONE,24,Infirmier
PRA000441,0,0,0,0,0,0,0,NORMAL,NONE,24,Infirmier
PRA000442,1,0,0,0,0,1,1,S1,HIGH,24,Infirmier
PRA000443,0,0,0,0,0,0,0,NORMAL,NONE,24,Infirmier
PRA000444,0,0,0,0,0,0,0,NORMAL,NONE,24,Infirmier
PRA000445,0,0,0,0,0,0,0,NORMAL,NONE,24,Infirmier
PRA000446,0,0,0,0,0,0,0,NORMAL,NONE,24,Infirmier
PRA000447,0,1,0,0,0,1,1,S2,HIGH,24,Infirmier
PRA000448,0,0,0,0,0,0,0,NORMAL,NONE,24,Infirmier
PRA000449,0,0,0,0,0,0,0,NORMAL,NONE,24,Infirmier
PRA000450,0,0,0,0,0,0,0,NORMAL,NONE,24,Infirmier
PRA000451,0,0,0,0,0,0,0,NORMAL,NONE,24,Infirmier
PRA000452,0,0,0,0,0,0,0,NORMAL,NONE,24,Infirmier
PRA000453,0,0,0,0,0,0,0,NORMAL,NONE,24,Infirmier
PRA000454,0,0,0,0,0,0,0,NORMAL,NONE,24,Infirmier
PRA000455,0,0,0,0,0,0,0,NORMAL,NONE,24,Infirmier
PRA000456,0,0,0,0,0,0,0,NORMAL,NONE,24,Infirmier
PRA000457,0,0,1,0,0,1,1,S3,MEDIUM,24,Infirmier
PRA000458,0,0,0,0,0,0,0,NORMAL,NONE,24,Infirmier
PRA000459,0,0,0,0,0,0,0,NORMAL,NONE,24,Infirmier
PRA000460,0,0,0,0,0,0,0,NORMAL,NONE,24,Infirmier
PRA000461,0,0,0,0,0,0,0,NORMAL,NONE,24,Infirmier
PRA000462,0,0,0,0,0,0,0,NORMAL,NONE,24,Infirmier
PRA000463,0,0,0,0,0,0,0,NORMAL,NONE,24,Infirmier
PRA000464,0,0,0,0,0,0,0,NORMAL,NONE,24,Infirmier
PRA000465,0,0,0,0,0,0,0,NORMAL,NONE,24,Infirmier
PRA000466,0,0,0,0,0,0,0,NORMAL,NONE,24,Infirmier
PRA000467,0,0,0,0,0,0,0,NORMAL,NONE,24,Infirmier
PRA000468,0,0,0,0,0,0,0,NORMAL,NONE,24,Infirmier
PRA000469,0,0,0,0,0,0,0,NORMAL,NONE,24,Infirmier
PRA000470,0,0,0,0,0,0,0,NORMAL,NONE,24,Infirmier
PRA000471,0,0,0,0,0,0,0,NORMAL,NONE,24,Infirmier
PRA000472,0,0,0,0,0,0,0,NORMAL,NONE,24,Infirmier
PRA000473,0,0,0,0,0,0,0,NORMAL,NONE,24,Infirmier
PRA000474,0,0,0,0,0,0,0,NORMAL,NONE,24,Infirmier
PRA000475,0,0,0,0,0,0,0,NORMAL,NONE,24,Infirmier
PRA000476,0,0,0,0,0,0,0,NORMAL,NONE,24,Infirmier
PRA000477,0,0,0,0,0,0,0,NORMAL,NONE,24,Infirmier
PRA000478,0,0,0,0,0,0,0,NORMAL,NONE,24,Infirmier
PRA000479,0,0,0,0,0,0,0,NORMAL,NONE,24,Infirmier
PRA000480,0,0,0,0,0,0,0,NORMAL,NONE,24,Infirmier
PRA000481,0,0,0,0,0,0,0,NORMAL,NONE,24,Infirmier
PRA000482,0,0,0,0,0,0,0,NORMAL,NONE,24,Infirmier
PRA000483,0,0,0,0,0,0,0,NORMAL,NONE,24,Infirmier
PRA000484,0,0,0,0,0,0,0,NORMAL,NONE,24,Infirmier
PRA000485,1,0,0,0,0,1,1,S1,HIGH,24,Infirmier
PRA000486,0,0,0,0,0,0,0,NORMAL,NONE,24,Infirmier
PRA000487,0,0,0,0,0,0,0,NORMAL,NONE,24,Infirmier
PRA000488,0,0,0,0,0,0,0,NORMAL,NONE,24,Infirmier
PRA000489,0,0,0,0,0,0,0,NORMAL,NONE,24,Infirmier
PRA000490,0,0,0,0,0,0,0,NORMAL,NONE,24,Infirmier
PRA000491,0,0,0,0,0,0,0,NORMAL,NONE,24,Infirmier
PRA000492,0,0,0,0,0,0,0,NORMAL,NONE,24,Infirmier
PRA000493,0,0,0,0,0,0,0,NORMAL,NONE,24,Infirmier
PRA000494,0,0,0,0,0,0,0,NORMAL,NONE,24,Infirmier
PRA000495,0,0,0,0,0,0,0,NORMAL,NONE,24,Infirmier
PRA000496,0,0,0,0,0,0,0,NORMAL,NONE,24,Infirmier
PRA000497,0,0,0,0,0,0,0,NORMAL,NONE,24,Infirmier
PRA000498,0,0,0,0,0,0,0,NORMAL,NONE,24,Infirmier
PRA000499,0,0,0,0,0,0,0,NORMAL,NONE,24,Infirmier
PRA000500,0,0,0,0,0,0,0,NORMAL,NONE,24,Infirmier
PRA000501,1,0,0,0,0,1,1,S1,HIGH,26,Kine
PRA000502,0,0,0,0,0,0,0,NORMAL,NONE,26,Kine
PRA000503,0,0,0,0,0,0,0,NORMAL,NONE,26,Kine
PRA000504,0,0,0,0,0,0,0,NORMAL,NONE,26,Kine
PRA000505,0,0,0,0,0,0,0,NORMAL,NONE,26,Kine
PRA000506,0,0,0,0,0,0,0,NORMAL,NONE,26,Kine
PRA000507,0,0,0,0,0,0,0,NORMAL,NONE,26,Kine
PRA000508,0,0,0,0,0,0,0,NORMAL,NONE,26,Kine
PRA000509,0,0,1,0,0,1,1,S3,MEDIUM,26,Kine
PRA000510,0,0,0,0,0,0,0,NORMAL,NONE,26,Kine
PRA000511,0,0,0,0,0,0,0,NORMAL,NONE,26,Kine
PRA000512,0,0,0,1,0,1,1,S4,HIGH,26,Kine
PRA000513,0,0,0,0,0,0,0,NORMAL,NONE,26,Kine
PRA000514,0,0,0,0,0,0,0,NORMAL,NONE,26,Kine
PRA000515,0,0,0,0,0,0,0,NORMAL,NONE,26,Kine
PRA000516,0,0,0,0,0,0,0,NORMAL,NONE,26,Kine
PRA000517,0,0,0,0,0,0,0,NORMAL,NONE,26,Kine
PRA000518,0,0,0,0,0,0,0,NORMAL,NONE,26,Kine
PRA000519,0,0,0,0,0,0,0,NORMAL,NONE,26,Kine
PRA000520,1,0,0,0,0,1,1,S1,HIGH,26,Kine
PRA000521,0,0,0,1,0,1,1,S4,HIGH,26,Kine
PRA000522,0,0,0,0,0,0,0,NORMAL,NONE,26,Kine
PRA000523,0,0,0,0,0,0,0,NORMAL,NONE,26,Kine
PRA000524,0,0,0,0,0,0,0,NORMAL,NONE,26,Kine
PRA000525,0,0,0,0,0,0,0,NORMAL,NONE,26,Kine
PRA000526,0,0,0,0,0,0,0,NORMAL,NONE,26,Kine
PRA000527,0,0,0,0,0,0,0,NORMAL,NONE,26,Kine
PRA000528,0,0,0,0,0,0,0,NORMAL,NONE,26,Kine
PRA000529,0,0,1,0,0,1,1,S3,MEDIUM,26,Kine
PRA000530,0,0,0,0,0,0,0,NORMAL,NONE,26,Kine
PRA000531,0,0,0,0,0,0,0,NORMAL,NONE,26,Kine
PRA000532,0,0,0,0,0,0,0,NORMAL,NONE,26,Kine
PRA000533,0,0,0,0,0,0,0,NORMAL,NONE,26,Kine
PRA000534,0,0,0,0,0,0,0,NORMAL,NONE,26,Kine
PRA000535,0,0,0,0,0,0,0,NORMAL,NONE,26,Kine
PRA000536,0,0,0,0,0,0,0,NORMAL,NONE,26,Kine
PRA000537,0,0,0,0,0,0,0,NORMAL,NONE,26,Kine
PRA000538,0,0,0,0,0,0,0,NORMAL,NONE,26,Kine
PRA000539,0,0,0,0,0,0,0,NORMAL,NONE,26,Kine
PRA000540,0,0,0,0,0,0,0,NORMAL,NONE,26,Kine
PRA000541,0,0,0,0,0,0,0,NORMAL,NONE,26,Kine
PRA000542,0,0,0,0,0,0,0,NORMAL,NONE,26,Kine
PRA000543,0,0,0,0,0,0,0,NORMAL,NONE,26,Kine
PRA000544,0,0,0,0,0,0,0,NORMAL,NONE,26,Kine
PRA000545,0,0,0,0,0,0,0,NORMAL,NONE,26,Kine
PRA000546,0,0,0,0,0,0,0,NORMAL,NONE,26,Kine
PRA000547,0,0,0,0,0,0,0,NORMAL,NONE,26,Kine
PRA000548,0,0,0,0,0,0,0,NORMAL,NONE,26,Kine
PRA000549,0,0,0,1,0,1,1,S4,HIGH,26,Kine
PRA000550,0,0,0,0,0,0,0,NORMAL,NONE,26,Kine
PRA000551,0,0,0,0,0,0,0,NORMAL,NONE,26,Kine
PRA000552,0,0,0,0,0,0,0,NORMAL,NONE,26,Kine
PRA000553,0,0,0,0,0,0,0,NORMAL,NONE,26,Kine
PRA000554,0,0,0,0,0,0,0,NORMAL,NONE,26,Kine
PRA000555,0,0,0,0,0,0,0,NORMAL,NONE,26,Kine
PRA000556,0,0,0,0,0,0,0,NORMAL,NONE,26,Kine
PRA000557,0,0,0,0,0,0,0,NORMAL,NONE,26,Kine
PRA000558,0,0,0,0,0,0,0,NORMAL,NONE,26,Kine
PRA000559,0,0,0,0,0,0,0,NORMAL,NONE,26,Kine
PRA000560,0,0,0,0,0,0,0,NORMAL,NONE,26,Kine
PRA000561,0,0,0,0,0,0,0,NORMAL,NONE,26,Kine
PRA000562,0,0,0,0,0,0,0,NORMAL,NONE,26,Kine
PRA000563,0,0,0,0,0,0,0,NORMAL,NONE,26,Kine
PRA000564,0,0,0,0,0,0,0,NORMAL,NONE,26,Kine
PRA000565,0,0,0,0,0,0,0,NORMAL,NONE,26,Kine
PRA000566,0,0,0,0,0,0,0,NORMAL,NONE,26,Kine
PRA000567,0,0,0,0,0,0,0,NORMAL,NONE,26,Kine
PRA000568,0,0,0,0,0,0,0,NORMAL,NONE,26,Kine
PRA000569,1,0,0,0,0,1,1,S1,HIGH,26,Kine
PRA000570,0,0,0,0,0,0,0,NORMAL,NONE,26,Kine
PRA000571,0,0,0,0,0,0,0,NORMAL,NONE,26,Kine
PRA000572,0,0,0,0,0,0,0,NORMAL,NONE,26,Kine
PRA000573,0,0,0,0,0,0,0,NORMAL,NONE,26,Kine
PRA000574,0,0,0,0,0,0,0,NORMAL,NONE,26,Kine
PRA000575,0,0,0,0,0,0,0,NORMAL,NONE,26,Kine
PRA000576,0,0,0,0,0,0,0,NORMAL,NONE,26,Kine
PRA000577,0,0,0,0,0,0,0,NORMAL,NONE,26,Kine
PRA000578,0,0,0,0,0,0,0,NORMAL,NONE,26,Kine
PRA000579,0,0,0,0,0,0,0,NORMAL,NONE,26,Kine
PRA000580,0,0,0,0,0,0,0,NORMAL,NONE,26,Kine
PRA000581,0,0,0,0,0,0,0,NORMAL,NONE,26,Kine
PRA000582,0,0,0,0,0,0,0,NORMAL,NONE,26,Kine
PRA000583,0,0,0,0,0,0,0,NORMAL,NONE,26,Kine
PRA000584,0,0,0,0,0,0,0,NORMAL,NONE,26,Kine
PRA000585,0,0,0,0,0,0,0,NORMAL,NONE,26,Kine
PRA000586,0,0,0,0,0,0,0,NORMAL,NONE,26,Kine
PRA000587,0,0,0,0,0,0,0,NORMAL,NONE,26,Kine
PRA000588,0,0,0,0,0,0,0,NORMAL,NONE,26,Kine
PRA000589,0,0,0,0,0,0,0,NORMAL,NONE,26,Kine
PRA000590,0,0,0,0,0,0,0,NORMAL,NONE,26,Kine
PRA000591,0,0,0,0,0,0,0,NORMAL,NONE,26,Kine
PRA000592,0,0,0,0,0,0,0,NORMAL,NONE,26,Kine
PRA000593,0,0,0,0,0,0,0,NORMAL,NONE,26,Kine
PRA000594,0,0,0,0,0,0,0,NORMAL,NONE,26,Kine
PRA000595,0,0,0,0,0,0,0,NORMAL,NONE,26,Kine
PRA000596,0,0,0,0,0,0,0,NORMAL,NONE,26,Kine
PRA000597,0,0,0,0,0,0,0,NORMAL,NONE,26,Kine
PRA000598,0,0,0,0,0,0,0,NORMAL,NONE,26,Kine
PRA000599,0,0,0,0,0,0,0,NORMAL,NONE,26,Kine
PRA000600,0,0,0,0,0,0,0,NORMAL,NONE,26,Kine
PRA000601,0,0,0,0,0,0,0,NORMAL,NONE,50,Pharmacien
PRA000602,0,0,0,0,0,0,0,NORMAL,NONE,50,Pharmacien
PRA000603,0,0,0,0,0,0,0,NORMAL,NONE,50,Pharmacien
PRA000604,0,0,0,0,0,0,0,NORMAL,NONE,50,Pharmacien
PRA000605,0,0,0,0,0,0,0,NORMAL,NONE,50,Pharmacien
PRA000606,0,0,0,0,0,0,0,NORMAL,NONE,50,Pharmacien
PRA000607,0,0,0,0,0,0,0,NORMAL,NONE,50,Pharmacien
PRA000608,0,0,0,0,0,0,0,NORMAL,NONE,50,Pharmacien
PRA000609,0,0,0,0,0,0,0,NORMAL,NONE,50,Pharmacien
PRA000610,0,0,0,0,0,0,0,NORMAL,NONE,50,Pharmacien
PRA000611,0,0,0,0,0,0,0,NORMAL,NONE,50,Pharmacien
PRA000612,0,0,0,0,0,0,0,NORMAL,NONE,50,Pharmacien
PRA000613,0,0,0,0,0,0,0,NORMAL,NONE,50,Pharmacien
PRA000614,0,0,0,0,0,0,0,NORMAL,NONE,50,Pharmacien
PRA000615,0,0,0,0,0,0,0,NORMAL,NONE,50,Pharmacien
PRA000616,0,0,0,0,0,0,0,NORMAL,NONE,50,Pharmacien
PRA000617,0,0,0,0,0,0,0,NORMAL,NONE,50,Pharmacien
PRA000618,0,0,0,0,0,0,0,NORMAL,NONE,50,Pharmacien
PRA000619,0,0,0,0,0,0,0,NORMAL,NONE,50,Pharmacien
PRA000620,0,0,0,0,0,0,0,NORMAL,NONE,50,Pharmacien
PRA000621,0,0,0,0,0,0,0,NORMAL,NONE,50,Pharmacien
PRA000622,0,0,0,0,0,0,0,NORMAL,NONE,50,Pharmacien
PRA000623,0,0,0,0,0,0,0,NORMAL,NONE,50,Pharmacien
PRA000624,0,0,0,0,0,0,0,NORMAL,NONE,50,Pharmacien
PRA000625,0,0,0,0,0,0,0,NORMAL,NONE,50,Pharmacien
PRA000626,0,0,0,0,0,0,0,NORMAL,NONE,50,Pharmacien
PRA000627,0,0,0,0,0,0,0,NORMAL,NONE,50,Pharmacien
PRA000628,0,0,0,0,0,0,0,NORMAL,NONE,50,Pharmacien
PRA000629,0,0,0,0,0,0,0,NORMAL,NONE,50,Pharmacien
PRA000630,0,0,0,0,0,0,0,NORMAL,NONE,50,Pharmacien
PRA000631,0,0,0,0,0,0,0,NORMAL,NONE,50,Pharmacien
PRA000632,0,0,0,0,0,0,0,NORMAL,NONE,50,Pharmacien
PRA000633,0,0,0,0,0,0,0,NORMAL,NONE,50,Pharmacien
PRA000634,0,0,0,0,0,0,0,NORMAL,NONE,50,Pharmacien
PRA000635,0,0,0,0,0,0,0,NORMAL,NONE,50,Pharmacien
PRA000636,0,0,0,0,0,0,0,NORMAL,NONE,50,Pharmacien
PRA000637,0,0,0,0,0,0,0,NORMAL,NONE,50,Pharmacien
PRA000638,0,0,0,0,0,0,0,NORMAL,NONE,50,Pharmacien
PRA000639,0,0,0,0,0,0,0,NORMAL,NONE,50,Pharmacien
PRA000640,0,0,0,0,0,0,0,NORMAL,NONE,50,Pharmacien
PRA000641,0,0,0,0,0,0,0,NORMAL,NONE,50,Pharmacien
PRA000642,0,0,0,0,0,0,0,NORMAL,NONE,50,Pharmacien
PRA000643,0,0,0,0,0,0,0,NORMAL,NONE,50,Pharmacien
PRA000644,0,0,0,0,0,0,0,NORMAL,NONE,50,Pharmacien
PRA000645,0,0,0,0,0,0,0,NORMAL,NONE,50,Pharmacien
PRA000646,0,0,0,0,0,0,0,NORMAL,NONE,50,Pharmacien
PRA000647,0,0,0,0,0,0,0,NORMAL,NONE,50,Pharmacien
PRA000648,0,0,0,0,0,0,0,NORMAL,NONE,50,Pharmacien
PRA000649,0,0,0,0,0,0,0,NORMAL,NONE,50,Pharmacien
PRA000650,0,0,0,0,0,0,0,NORMAL,NONE,50,Pharmacien
